mean	median	std
0.017729241376773848	0.009087082464247942	0.026646967509852015
