mean	median	std	n_voxels
0.01004354815168501	0.009184615220874548	0.004040069571913166	60480
